Package,IIPUD,IIPED,IPIC,PF,IPSC,post,Package.Name,N,A,Ce,Ca,I,D,pkgLOC,pkgKLOC
com.sun.jdi,1,1,0.967213115,0,0.071428571,0,com.sun.jdi,63,2.705882353,5,20,0.2,1.905882353,562,0.562
com.sun.jdi.connect,1,1,0.995316159,0,0.5,1,com.sun.jdi.connect,7,2.5,4,5,0.444444444,1.944444444,98,0.098
com.sun.jdi.event,1,1,1,0,1,0,com.sun.jdi.event,20,0,4,6,0.4,0.6,116,0.116
com.sun.jdi.request,1,1,0.99765808,0,1,1,com.sun.jdi.request,18,8,3,9,0.25,7.25,175,0.175
org.apache.lucene.demo.html,1,1,0.99765808,0,1,0,org.apache.lucene.demo.html,9,0.125,3,1,0.75,0.125,2908,2.908
org.eclipse.ant.core,0.278846154,0.75,0.976580796,0,0.1,6,org.eclipse.ant.core,9,0,10,10,0.5,0.5,1184,1.184
org.eclipse.ant.internal.core,1,1,0.992974239,0,0.333333333,2,org.eclipse.ant.internal.core,4,1,4,3,0.571428571,0.571428571,128,0.128
org.eclipse.ant.internal.core.ant,0.37254902,1,1,0,1,3,org.eclipse.ant.internal.core.ant,6,0,11,0,0,1,738,0.738
org.eclipse.compare,0.072420635,0.5,0.974238876,0.090909091,0.090909091,2,org.eclipse.compare,20,1.222222222,25,10,0.714285714,0.936507937,2097,2.097
org.eclipse.compare.contentmergeviewer,0.056179775,1,0.995316159,0.5,0.5,1,org.eclipse.compare.contentmergeviewer,6,2,28,4,0.875,1.875,3728,3.728
org.eclipse.compare.internal,0.041523236,0.169230769,0.983606557,0.071428571,0.095238095,7,org.eclipse.compare.internal,54,0.227272727,35,7,0.833333333,0.060606061,4745,4.745
org.eclipse.compare.internal.patch,0.056064073,1,1,0,1,1,org.eclipse.compare.internal.patch,10,0,29,0,0,1,2194,2.194
org.eclipse.compare.rangedifferencer,0.75,1,0.995316159,0,0.5,0,org.eclipse.compare.rangedifferencer,5,0.25,4,2,0.666666667,0.083333333,417,0.417
org.eclipse.compare.structuremergeviewer,0.102430556,1,0.976580796,0.05,0.1,0,org.eclipse.compare.structuremergeviewer,13,1.6,16,10,0.615384615,1.215384615,1363,1.363
org.eclipse.core.boot,1,1,0.920374707,0,0.029411765,0,org.eclipse.core.boot,3,2,4,32,0.111111111,1.111111111,184,0.184
org.eclipse.core.internal.boot,1,1,0.983606557,0.142857143,0.142857143,2,org.eclipse.core.internal.boot,16,0.142857143,8,7,0.533333333,0.323809524,4501,4.501
org.eclipse.core.internal.dtree,0.625,1,0.995316159,0,0.5,0,org.eclipse.core.internal.dtree,17,0.307692308,4,2,0.666666667,0.025641026,1944,1.944
org.eclipse.core.internal.events,0.157142857,0.75,0.992974239,0.333333333,0.333333333,1,org.eclipse.core.internal.events,17,0.133333333,10,4,0.714285714,0.152380952,2180,2.18
org.eclipse.core.internal.indexing,1,1,0.995316159,0,0.25,0,org.eclipse.core.internal.indexing,39,0.3,4,2,0.666666667,0.033333333,3599,3.599
org.eclipse.core.internal.localstore,0.18128655,1,0.99765808,0,1,2,org.eclipse.core.internal.localstore,22,0.222222222,9,1,0.9,0.122222222,2826,2.826
org.eclipse.core.internal.plugins,0.21509434,0.388888889,0.985948478,0,0.166666667,5,org.eclipse.core.internal.plugins,20,0.111111111,13,6,0.684210526,0.204678363,5761,5.761
org.eclipse.core.internal.properties,0.195402299,1,0.995316159,0,0.5,0,org.eclipse.core.internal.properties,9,0.125,9,2,0.818181818,0.056818182,827,0.827
org.eclipse.core.internal.resources,0.12,0.625,0.988290398,0.05,0.2,3,org.eclipse.core.internal.resources,70,0.129032258,18,5,0.782608696,0.088359046,12008,12.008
org.eclipse.core.internal.runtime,0.215686275,1,0.981264637,0,0.125,1,org.eclipse.core.internal.runtime,20,0,11,8,0.578947368,0.421052632,2522,2.522
org.eclipse.core.internal.utils,0.571428571,1,0.981264637,0,0.125,0,org.eclipse.core.internal.utils,12,0.090909091,9,8,0.529411765,0.379679144,943,0.943
org.eclipse.core.internal.watson,0.375,1,0.995316159,0,0.5,0,org.eclipse.core.internal.watson,17,0.7,6,3,0.666666667,0.366666667,1096,1.096
org.eclipse.core.launcher,0,1,1,0,1,0,org.eclipse.core.launcher,2,0,7,0,0,1,1023,1.023
org.eclipse.core.resources,0.393939394,1,0.709601874,0.008064516,0.008064516,1,org.eclipse.core.resources,36,17,8,164,0.046511628,16.04651163,706,0.706
org.eclipse.core.resources.ant,0.384615385,1,1,0,1,0,org.eclipse.core.resources.ant,4,0,8,0,0,1,217,0.217
org.eclipse.core.resources.team,1,1,0.995316159,0.5,0.5,0,org.eclipse.core.resources.team,3,0,3,5,0.375,0.625,102,0.102
org.eclipse.core.runtime,0.393939394,1,0.327868852,0.003484321,0.003484321,0,org.eclipse.core.runtime,31,1.818181818,9,242,0.035856574,0.854038392,2089,2.089
org.eclipse.core.runtime.model,0.444444444,1,0.976580796,0,0.1,2,org.eclipse.core.runtime.model,13,0.181818182,6,9,0.4,0.418181818,744,0.744
org.eclipse.debug.core,0.28125,1,0.908665105,0,0.025641026,2,org.eclipse.debug.core,22,4.5,8,37,0.177777778,3.677777778,961,0.961
org.eclipse.debug.core.model,1,1,0.99765808,0.5,1,0,org.eclipse.debug.core.model,28,0,7,30,0.189189189,0.810810811,377,0.377
org.eclipse.debug.internal.core,0.261029412,1,0.988290398,0,0.2,3,org.eclipse.debug.internal.core,15,0,11,4,0.733333333,0.266666667,3167,3.167
org.eclipse.debug.internal.ui,0.050540123,0.75,0.971896956,0,0.083333333,3,org.eclipse.debug.internal.ui,20,0.176470588,32,10,0.761904762,0.06162465,1660,1.66
org.eclipse.debug.internal.ui.actions,0.043490783,0.75,0.990632319,0,0.2,0,org.eclipse.debug.internal.ui.actions,57,0.1875,31,4,0.885714286,0.073214286,2525,2.525
org.eclipse.debug.internal.ui.launchConfigurations,0.048495575,0.4,0.988290398,0,0.2,2,org.eclipse.debug.internal.ui.launchConfigurations,23,0.045454545,35,4,0.897435897,0.057109557,3793,3.793
org.eclipse.debug.internal.ui.preferences,0.05529522,0.444444444,0.995316159,0,0.5,2,org.eclipse.debug.internal.ui.preferences,15,0.071428571,25,6,0.806451613,0.122119816,1738,1.738
org.eclipse.debug.internal.ui.views,1,1,0.988290398,0.2,0.2,0,org.eclipse.debug.internal.ui.views,5,1.5,7,5,0.583333333,1.083333333,191,0.191
org.eclipse.debug.internal.ui.views.breakpoints,0.112903226,0.75,1,0,1,0,org.eclipse.debug.internal.ui.views.breakpoints,4,0,13,0,0,1,236,0.236
org.eclipse.debug.internal.ui.views.console,0.043866562,0.357142857,0.995316159,0,0.5,2,org.eclipse.debug.internal.ui.views.console,19,0.055555556,30,2,0.9375,0.006944444,2200,2.2
org.eclipse.debug.internal.ui.views.expression,0.146666667,1,1,0,1,3,org.eclipse.debug.internal.ui.views.expression,3,0,12,0,0,1,221,0.221
org.eclipse.debug.internal.ui.views.launch,0.050073099,0.4,0.99765808,0,1,3,org.eclipse.debug.internal.ui.views.launch,6,0,27,1,0.964285714,0.035714286,1470,1.47
org.eclipse.debug.internal.ui.views.variables,0.058084772,0.666666667,0.995316159,0,0.5,7,org.eclipse.debug.internal.ui.views.variables,6,0.2,23,2,0.92,0.12,1070,1.07
org.eclipse.debug.ui,0.057386364,1,0.941451991,0.04,0.04,4,org.eclipse.debug.ui,14,6,30,24,0.555555556,5.555555556,1643,1.643
org.eclipse.debug.ui.actions,0.133333333,1,0.99765808,0,1,1,org.eclipse.debug.ui.actions,7,0.166666667,13,1,0.928571429,0.095238095,456,0.456
org.eclipse.debug.ui.console,0.152941176,1,0.992974239,0,0.333333333,1,org.eclipse.debug.ui.console,6,2,11,5,0.6875,1.6875,144,0.144
org.eclipse.help,1,1,1,0,1,0,org.eclipse.help,6,0,1,13,0.071428571,0.928571429,43,0.043
org.eclipse.help.browser,1,1,1,0,1,0,org.eclipse.help.browser,2,0,1,8,0.111111111,0.888888889,15,0.015
org.eclipse.help.internal,0.117647059,1,0.962529274,0,0.0625,1,org.eclipse.help.internal,5,0,16,12,0.571428571,0.428571429,627,0.627
org.eclipse.help.internal.appserver,0.533333333,1,0.988290398,0,0.2,0,org.eclipse.help.internal.appserver,5,0.25,7,5,0.583333333,0.166666667,419,0.419
org.eclipse.help.internal.browser,0.3,1,0.988290398,0,0.2,0,org.eclipse.help.internal.browser,9,0,8,5,0.615384615,0.384615385,722,0.722
org.eclipse.help.internal.browser.macosx,1,1,1,0,1,0,org.eclipse.help.internal.browser.macosx,2,0,3,0,0,1,51,0.051
org.eclipse.help.internal.context,0.253333333,1,0.990632319,0,0.25,0,org.eclipse.help.internal.context,9,0.125,11,4,0.733333333,0.141666667,506,0.506
org.eclipse.help.internal.protocols,0.3,1,1,0,1,0,org.eclipse.help.internal.protocols,5,0,9,0,0,1,273,0.273
org.eclipse.help.internal.search,0.151515152,1,0.992974239,0,0.333333333,3,org.eclipse.help.internal.search,23,0.095238095,14,3,0.823529412,0.081232493,2177,2.177
org.eclipse.help.internal.standalone,1,1,0.99765808,0,1,1,org.eclipse.help.internal.standalone,6,0,5,1,0.833333333,0.166666667,766,0.766
org.eclipse.help.internal.toc,0.236363636,1,0.988290398,0,0.2,1,org.eclipse.help.internal.toc,12,0.2,13,5,0.722222222,0.077777778,921,0.921
org.eclipse.help.internal.util,0.303571429,1,0.971896956,0,0.083333333,0,org.eclipse.help.internal.util,9,0.125,10,11,0.476190476,0.398809524,853,0.853
org.eclipse.help.internal.webapp,0.444444444,1,0.995316159,0,0.5,1,org.eclipse.help.internal.webapp,2,0,5,2,0.714285714,0.285714286,77,0.077
org.eclipse.help.internal.webapp.data,0.133333333,1,0.99765808,0,1,6,org.eclipse.help.internal.webapp.data,15,0,15,1,0.9375,0.0625,1367,1.367
org.eclipse.help.internal.webapp.servlet,0.145299145,0,1,0,1,2,org.eclipse.help.internal.webapp.servlet,12,0.090909091,13,0,0,0.909090909,957,0.957
org.eclipse.help.internal.workingset,0.226190476,1,0.990632319,0,0.25,0,org.eclipse.help.internal.workingset,8,0.142857143,12,4,0.75,0.107142857,633,0.633
org.eclipse.help.standalone,1,1,1,0,1,0,org.eclipse.help.standalone,2,0,4,0,0,1,63,0.063
org.eclipse.help.ui.browser,0.185185185,1,1,0,1,0,org.eclipse.help.ui.browser,1,0,10,0,0,1,42,0.042
org.eclipse.help.ui.internal,0.054617117,0.4375,0.990632319,0,0.25,0,org.eclipse.help.ui.internal,12,0.2,27,5,0.84375,0.04375,1149,1.149
org.eclipse.help.ui.internal.browser,0.113846154,1,1,0,1,0,org.eclipse.help.ui.internal.browser,3,0,15,0,0,1,244,0.244
org.eclipse.help.ui.internal.browser.win32,0.092063492,1,1,0,1,0,org.eclipse.help.ui.internal.browser.win32,9,0.285714286,18,0,0,0.714285714,1223,1.223
org.eclipse.help.ui.internal.search,0.080213904,0.555555556,1,0,1,2,org.eclipse.help.ui.internal.search,4,0,23,0,0,1,546,0.546
org.eclipse.help.ui.internal.util,0.139130435,1,0.985948478,0,0.166666667,0,org.eclipse.help.ui.internal.util,5,0,15,6,0.714285714,0.285714286,347,0.347
org.eclipse.help.ui.internal.workingset,0.095864662,0.75,0.99765808,0,1,0,org.eclipse.help.ui.internal.workingset,5,0,17,1,0.944444444,0.055555556,576,0.576
org.eclipse.jdi,0.375,1,0.985948478,0,0.166666667,0,org.eclipse.jdi,3,0.5,5,6,0.454545455,0.045454545,36,0.036
org.eclipse.jdi.hcr,1,1,0.99765808,0,1,0,org.eclipse.jdi.hcr,6,5,3,4,0.428571429,4.428571429,45,0.045
org.eclipse.jdi.internal,0.092881944,1,0.985948478,0,0.111111111,3,org.eclipse.jdi.internal,46,0.179487179,19,6,0.76,0.060512821,6469,6.469
org.eclipse.jdi.internal.connect,0.238095238,1,0.995316159,0,0.166666667,1,org.eclipse.jdi.internal.connect,11,0.375,10,2,0.833333333,0.208333333,860,0.86
org.eclipse.jdi.internal.event,0.145833333,1,0.995316159,0,0.5,0,org.eclipse.jdi.internal.event,21,0.166666667,12,2,0.857142857,0.023809524,749,0.749
org.eclipse.jdi.internal.jdwp,1,1,0.990632319,0,0.125,0,org.eclipse.jdi.internal.jdwp,19,0.117647059,5,4,0.555555556,0.326797386,725,0.725
org.eclipse.jdi.internal.request,0.184027778,1,0.995316159,0,0.5,0,org.eclipse.jdi.internal.request,18,0.125,10,2,0.833333333,0.041666667,881,0.881
org.eclipse.jdi.internal.spy,1,1,1,0,1,0,org.eclipse.jdi.internal.spy,8,0.142857143,6,0,0,0.857142857,2918,2.918
org.eclipse.jdt.core,0.092568449,0.666666667,0.758782201,0.009708738,0.009708738,3,org.eclipse.jdt.core,54,3.5,19,95,0.166666667,2.666666667,4420,4.42
org.eclipse.jdt.core.compiler,1,1,0.885245902,0,0.020408163,0,org.eclipse.jdt.core.compiler,5,1.5,2,52,0.037037037,0.537037037,1368,1.368
org.eclipse.jdt.core.dom,0.08974359,1,0.929742389,0.004166667,0.027777778,7,org.eclipse.jdt.core.dom,89,0.171052632,14,28,0.333333333,0.495614035,12130,12.13
org.eclipse.jdt.core.eval,1,1,1,0,1,0,org.eclipse.jdt.core.eval,3,0,5,4,0.555555556,0.444444444,78,0.078
org.eclipse.jdt.core.jdom,1,1,0.99765808,0,1,0,org.eclipse.jdt.core.jdom,12,5,4,1,0.8,4.8,211,0.211
org.eclipse.jdt.core.search,0.173469388,1,0.925058548,0,0.03125,0,org.eclipse.jdt.core.search,6,5,11,31,0.261904762,4.261904762,387,0.387
org.eclipse.jdt.core.util,0.466666667,1,0.995316159,0,0.5,0,org.eclipse.jdt.core.util,27,5.75,5,4,0.555555556,5.305555556,1406,1.406
org.eclipse.jdt.debug.core,0.24,1,0.974238876,0,0.090909091,2,org.eclipse.jdt.debug.core,27,26,8,15,0.347826087,25.34782609,434,0.434
org.eclipse.jdt.debug.eval,0.555555556,1,0.992974239,0,0.333333333,0,org.eclipse.jdt.debug.eval,7,6,6,7,0.461538462,5.461538462,76,0.076
org.eclipse.jdt.debug.ui,0.102564103,1,0.988290398,0,0.2,0,org.eclipse.jdt.debug.ui,3,0.5,16,7,0.695652174,0.195652174,299,0.299
org.eclipse.jdt.debug.ui.launchConfigurations,0.042735043,1,0.990632319,0,0.25,3,org.eclipse.jdt.debug.ui.launchConfigurations,9,0,31,3,0.911764706,0.088235294,2431,2.431
org.eclipse.jdt.internal.codeassist,0.078857143,1,0.995316159,0,0.5,3,org.eclipse.jdt.internal.codeassist,6,2,17,3,0.85,1.85,3370,3.37
org.eclipse.jdt.internal.codeassist.complete,0.136986301,0.294117647,0.99765808,0,1,2,org.eclipse.jdt.internal.codeassist.complete,32,0.032258065,9,1,0.9,0.067741935,3553,3.553
org.eclipse.jdt.internal.codeassist.impl,1,1,0.988290398,0.2,0.2,2,org.eclipse.jdt.internal.codeassist.impl,4,3,11,5,0.6875,2.6875,1213,1.213
org.eclipse.jdt.internal.codeassist.select,0.162790698,0.375,0.99765808,0,1,0,org.eclipse.jdt.internal.codeassist.select,18,0,9,1,0.9,0.1,1091,1.091
org.eclipse.jdt.internal.compiler,0.117794486,1,0.946135831,0,0.043478261,1,org.eclipse.jdt.internal.compiler,16,0.777777778,12,23,0.342857143,0.120634921,5834,5.834
org.eclipse.jdt.internal.compiler.ast,0.126177024,1,0.962529274,0,0.025,3,org.eclipse.jdt.internal.compiler.ast,88,0.189189189,12,17,0.413793103,0.397017707,14084,14.084
org.eclipse.jdt.internal.compiler.batch,0.187969925,1,0.995316159,0,0.5,0,org.eclipse.jdt.internal.compiler.batch,6,0,11,2,0.846153846,0.153846154,1751,1.751
org.eclipse.jdt.internal.compiler.classfmt,0.212962963,1,0.981264637,0,0.125,0,org.eclipse.jdt.internal.compiler.classfmt,7,0.4,10,10,0.5,0.1,1257,1.257
org.eclipse.jdt.internal.compiler.codegen,0.145833333,1,0.988290398,0,0.2,3,org.eclipse.jdt.internal.compiler.codegen,17,0.214285714,9,6,0.6,0.185714286,8830,8.83
org.eclipse.jdt.internal.compiler.env,1,1,0.983606557,0,0.142857143,0,org.eclipse.jdt.internal.compiler.env,15,14,2,23,0.08,13.08,160,0.16
org.eclipse.jdt.internal.compiler.flow,0.208333333,1,0.990632319,0,0.25,0,org.eclipse.jdt.internal.compiler.flow,11,0.1,8,4,0.666666667,0.233333333,1407,1.407
org.eclipse.jdt.internal.compiler.impl,0.4375,1,0.950819672,0,0.047619048,1,org.eclipse.jdt.internal.compiler.impl,13,0.3,10,21,0.322580645,0.377419355,2413,2.413
org.eclipse.jdt.internal.compiler.lookup,0.130023641,1,0.960187354,0,0.029411765,2,org.eclipse.jdt.internal.compiler.lookup,41,0.464285714,12,21,0.363636364,0.172077922,8001,8.001
org.eclipse.jdt.internal.compiler.parser,0.133495146,1,0.962529274,0,0.0625,2,org.eclipse.jdt.internal.compiler.parser,19,0.117647059,11,17,0.392857143,0.489495798,9789,9.789
org.eclipse.jdt.internal.compiler.problem,0.136666667,1,0.953161593,0,0.05,0,org.eclipse.jdt.internal.compiler.problem,10,0.111111111,11,20,0.35483871,0.534050179,3476,3.476
org.eclipse.jdt.internal.compiler.util,0.666666667,1,0.957845433,0,0.055555556,0,org.eclipse.jdt.internal.compiler.util,9,0,6,17,0.260869565,0.739130435,884,0.884
org.eclipse.jdt.internal.core,0.039408867,0.466666667,0.957845433,0.005050505,0.047619048,19,org.eclipse.jdt.internal.core,114,0.14,33,16,0.673469388,0.186530612,22808,22.808
org.eclipse.jdt.internal.core.builder,0.115479115,0.75,0.992974239,0.166666667,0.333333333,4,org.eclipse.jdt.internal.core.builder,20,0.111111111,15,3,0.833333333,0.055555556,3008,3.008
org.eclipse.jdt.internal.core.eval,0.135802469,1,0.99765808,0,1,0,org.eclipse.jdt.internal.core.eval,3,0,11,1,0.916666667,0.083333333,372,0.372
org.eclipse.jdt.internal.core.hierarchy,0.065095398,1,0.992974239,0,0.333333333,0,org.eclipse.jdt.internal.core.hierarchy,9,0.285714286,22,3,0.88,0.165714286,2952,2.952
org.eclipse.jdt.internal.core.index,0.666666667,1,1,0,1,0,org.eclipse.jdt.internal.core.index,7,6,4,4,0.5,5.5,63,0.063
org.eclipse.jdt.internal.core.index.impl,0.187969925,1,0.985948478,0,0.083333333,1,org.eclipse.jdt.internal.core.index.impl,34,0.307692308,11,5,0.6875,0.004807692,3317,3.317
org.eclipse.jdt.internal.core.jdom,0.140909091,1,0.995316159,0,0.5,2,org.eclipse.jdt.internal.core.jdom,15,0.25,12,2,0.857142857,0.107142857,2810,2.81
org.eclipse.jdt.internal.core.search,0.113636364,1,0.985948478,0,0.166666667,0,org.eclipse.jdt.internal.core.search,12,0.333333333,14,6,0.7,0.033333333,1204,1.204
org.eclipse.jdt.internal.core.search.indexing,0.081632653,1,0.985948478,0,0.111111111,1,org.eclipse.jdt.internal.core.search.indexing,18,0.285714286,20,5,0.8,0.085714286,2456,2.456
org.eclipse.jdt.internal.core.search.matching,0.047770701,0.75,0.992974239,0,0.333333333,4,org.eclipse.jdt.internal.core.search.matching,36,0.125,27,2,0.931034483,0.056034483,9511,9.511
org.eclipse.jdt.internal.core.search.processing,1,1,0.985948478,0.166666667,0.166666667,3,org.eclipse.jdt.internal.core.search.processing,2,0,5,5,0.5,0.5,327,0.327
org.eclipse.jdt.internal.core.util,0.288888889,1,0.985948478,0.083333333,0.166666667,0,org.eclipse.jdt.internal.core.util,33,0.178571429,10,6,0.625,0.196428571,9121,9.121
org.eclipse.jdt.internal.corext,0.333333333,1,0.922716628,0,0.03030303,0,org.eclipse.jdt.internal.corext,4,0,8,32,0.2,0.8,125,0.125
org.eclipse.jdt.internal.corext.codemanipulation,0.069281046,1,0.953161593,0,0.05,9,org.eclipse.jdt.internal.corext.codemanipulation,27,0.173913043,20,19,0.512820513,0.313266444,3666,3.666
org.eclipse.jdt.internal.corext.dom,0.131730769,0.666666667,0.964871194,0.066666667,0,4,org.eclipse.jdt.internal.corext.dom,23,0.045454545,10,15,0.4,0.554545455,4929,4.929
org.eclipse.jdt.internal.corext.dom.fragments,0.296875,1,0.99765808,0,1,0,org.eclipse.jdt.internal.corext.dom.fragments,9,0.5,6,1,0.857142857,0.357142857,489,0.489
org.eclipse.jdt.internal.corext.javadoc,0.130023641,1,0.985948478,0.166666667,0.166666667,0,org.eclipse.jdt.internal.corext.javadoc,5,0.25,16,6,0.727272727,0.022727273,609,0.609
org.eclipse.jdt.internal.corext.refactoring,0.098870056,1,0.960187354,0.058823529,0.058823529,3,org.eclipse.jdt.internal.corext.refactoring,12,0.090909091,15,16,0.483870968,0.425219941,1341,1.341
org.eclipse.jdt.internal.corext.refactoring.base,0.214285714,1,0.946135831,0.043478261,0.043478261,1,org.eclipse.jdt.internal.corext.refactoring.base,19,1.111111111,12,18,0.4,0.511111111,808,0.808
org.eclipse.jdt.internal.corext.refactoring.changes,0.130023641,0.75,0.974238876,0.011363636,0.068181818,2,org.eclipse.jdt.internal.corext.refactoring.changes,32,0.333333333,11,11,0.5,0.166666667,1936,1.936
org.eclipse.jdt.internal.corext.refactoring.code,0.058552632,0.4,0.990632319,0.25,0.25,8,org.eclipse.jdt.internal.corext.refactoring.code,24,0.043478261,21,4,0.84,0.116521739,7072,7.072
org.eclipse.jdt.internal.corext.refactoring.code.flow,0.2734375,1,0.99765808,0.5,1,1,org.eclipse.jdt.internal.corext.refactoring.code.flow,20,0.111111111,6,1,0.857142857,0.031746032,1708,1.708
org.eclipse.jdt.internal.corext.refactoring.nls,0.083950617,1,0.992974239,0,0.333333333,1,org.eclipse.jdt.internal.corext.refactoring.nls,8,0,19,3,0.863636364,0.136363636,1249,1.249
org.eclipse.jdt.internal.corext.refactoring.nls.changes,0.171052632,1,0.990632319,0,0.25,0,org.eclipse.jdt.internal.corext.refactoring.nls.changes,4,0,11,4,0.733333333,0.266666667,238,0.238
org.eclipse.jdt.internal.corext.refactoring.rename,0.071022727,0.75,0.983606557,0,0.142857143,2,org.eclipse.jdt.internal.corext.refactoring.rename,24,0.043478261,18,6,0.75,0.206521739,4033,4.033
org.eclipse.jdt.internal.corext.refactoring.reorg,0.073275862,0.555555556,0.985948478,0,0.166666667,2,org.eclipse.jdt.internal.corext.refactoring.reorg,13,0.444444444,19,6,0.76,0.204444444,2484,2.484
org.eclipse.jdt.internal.corext.refactoring.sef,0.080597015,0.5,0.99765808,0,1,0,org.eclipse.jdt.internal.corext.refactoring.sef,6,0,17,1,0.944444444,0.055555556,624,0.624
org.eclipse.jdt.internal.corext.refactoring.structure,0.051420455,1,0.990632319,0,0.25,7,org.eclipse.jdt.internal.corext.refactoring.structure,25,0.041666667,25,4,0.862068966,0.096264368,9732,9.732
org.eclipse.jdt.internal.corext.refactoring.surround,0.085714286,0.5,0.995316159,0,0.5,0,org.eclipse.jdt.internal.corext.refactoring.surround,5,0.25,16,2,0.888888889,0.138888889,459,0.459
org.eclipse.jdt.internal.corext.refactoring.tagging,1,1,1,0,1,0,org.eclipse.jdt.internal.corext.refactoring.tagging,4,0,3,5,0.375,0.625,36,0.036
org.eclipse.jdt.internal.corext.refactoring.util,0.092055485,1,0.967213115,0.071428571,0.071428571,1,org.eclipse.jdt.internal.corext.refactoring.util,10,0.111111111,16,13,0.551724138,0.337164751,838,0.838
org.eclipse.jdt.internal.corext.template,0.261538462,1,0.974238876,0.090909091,0.090909091,0,org.eclipse.jdt.internal.corext.template,15,0.5,14,10,0.583333333,0.083333333,890,0.89
org.eclipse.jdt.internal.corext.template.java,0.064184852,0.666666667,0.985948478,0,0.166666667,1,org.eclipse.jdt.internal.corext.template.java,12,0.2,22,6,0.785714286,0.014285714,1405,1.405
org.eclipse.jdt.internal.corext.textmanipulation,0.119318182,1,0.957845433,0.041666667,0.055555556,0,org.eclipse.jdt.internal.corext.textmanipulation,20,0.25,15,17,0.46875,0.28125,1787,1.787
org.eclipse.jdt.internal.corext.util,0.105812221,1,0.896955504,0,0.022727273,3,org.eclipse.jdt.internal.corext.util,15,0.071428571,14,39,0.264150943,0.664420485,1799,1.799
org.eclipse.jdt.internal.debug.core,0.131034483,1,0.978922717,0,0.111111111,2,org.eclipse.jdt.internal.debug.core,4,0.333333333,11,9,0.55,0.116666667,685,0.685
org.eclipse.jdt.internal.debug.core.breakpoints,0.090497738,1,0.995316159,0,0.5,4,org.eclipse.jdt.internal.debug.core.breakpoints,9,0.125,13,2,0.866666667,0.008333333,2275,2.275
org.eclipse.jdt.internal.debug.core.hcr,0.077380952,1,0.99765808,0,1,2,org.eclipse.jdt.internal.debug.core.hcr,6,0.2,16,1,0.941176471,0.141176471,1584,1.584
org.eclipse.jdt.internal.debug.core.model,0.087066779,1,0.981264637,0,0.083333333,10,org.eclipse.jdt.internal.debug.core.model,27,0.173913043,14,8,0.636363636,0.18972332,5027,5.027
org.eclipse.jdt.internal.debug.eval,0.111570248,1,0.99765808,0,1,0,org.eclipse.jdt.internal.debug.eval,3,0,12,1,0.923076923,0.076923077,864,0.864
org.eclipse.jdt.internal.debug.eval.ast.engine,0.081339713,1,0.995316159,0,0.5,0,org.eclipse.jdt.internal.debug.eval.ast.engine,11,0.1,12,2,0.857142857,0.042857143,3989,3.989
org.eclipse.jdt.internal.debug.eval.ast.instructions,0.123376623,1,0.99765808,0,1,1,org.eclipse.jdt.internal.debug.eval.ast.instructions,76,0.101449275,13,1,0.928571429,0.030020704,2768,2.768
org.eclipse.jdt.internal.debug.ui,0.023169601,0.19,0.981264637,0,0.125,8,org.eclipse.jdt.internal.debug.ui,48,0.090909091,52,8,0.866666667,0.042424242,6441,6.441
org.eclipse.jdt.internal.debug.ui.actions,0.025884311,0.25,0.992974239,0,0.277777778,4,org.eclipse.jdt.internal.debug.ui.actions,87,0.175675676,45,3,0.9375,0.113175676,7471,7.471
org.eclipse.jdt.internal.debug.ui.console,0.111111111,1,1,0,1,0,org.eclipse.jdt.internal.debug.ui.console,7,0,14,0,0,1,540,0.54
org.eclipse.jdt.internal.debug.ui.display,0.039322917,0.4375,0.992974239,0,0.333333333,2,org.eclipse.jdt.internal.debug.ui.display,11,0.1,32,3,0.914285714,0.014285714,1070,1.07
org.eclipse.jdt.internal.debug.ui.launcher,0.0295522,0.220779221,0.990632319,0.125,0.25,5,org.eclipse.jdt.internal.debug.ui.launcher,42,0.105263158,45,4,0.918367347,0.023630505,4329,4.329
org.eclipse.jdt.internal.debug.ui.monitors,0.089635854,0.666666667,1,0,1,1,org.eclipse.jdt.internal.debug.ui.monitors,16,0.142857143,15,0,0,0.857142857,1218,1.218
org.eclipse.jdt.internal.debug.ui.snippeteditor,0.02756527,0.25,0.995316159,0,0.5,4,org.eclipse.jdt.internal.debug.ui.snippeteditor,17,0.133333333,50,2,0.961538462,0.094871795,2319,2.319
org.eclipse.jdt.internal.eval,0.08141321,0.253333333,0.995316159,0,0.5,0,org.eclipse.jdt.internal.eval,28,0.12,17,2,0.894736842,0.014736842,6401,6.401
org.eclipse.jdt.internal.formatter,0.3,1,0.99765808,0,1,0,org.eclipse.jdt.internal.formatter,1,0,8,1,0.888888889,0.111111111,1914,1.914
org.eclipse.jdt.internal.formatter.impl,0.75,1,0.99765808,0,1,0,org.eclipse.jdt.internal.formatter.impl,2,0,4,1,0.8,0.2,337,0.337
org.eclipse.jdt.internal.junit.launcher,0.050046339,0.75,0.99765808,0,1,3,org.eclipse.jdt.internal.junit.launcher,8,0.333333333,31,1,0.96875,0.302083333,1102,1.102
org.eclipse.jdt.internal.junit.runner,0.625,1,0.99765808,0,1,0,org.eclipse.jdt.internal.junit.runner,2,0,7,1,0.875,0.125,489,0.489
org.eclipse.jdt.internal.junit.ui,0.034642857,0.270833333,0.990632319,0,0.25,4,org.eclipse.jdt.internal.junit.ui,25,0.25,41,4,0.911111111,0.161111111,3585,3.585
org.eclipse.jdt.internal.junit.util,0.056818182,1,0.992974239,0,0.333333333,3,org.eclipse.jdt.internal.junit.util,11,0.1,27,3,0.9,0,1053,1.053
org.eclipse.jdt.internal.junit.wizards,0.043,0.75,0.99765808,0,1,5,org.eclipse.jdt.internal.junit.wizards,9,0.125,38,1,0.974358974,0.099358974,2418,2.418
org.eclipse.jdt.internal.launching,0.087533156,0.428571429,0.990632319,0,0.25,5,org.eclipse.jdt.internal.launching,26,0,20,4,0.833333333,0.166666667,3297,3.297
org.eclipse.jdt.internal.launching.macosx,0.3125,0.466666667,1,0,1,0,org.eclipse.jdt.internal.launching.macosx,5,0,9,0,0,1,267,0.267
org.eclipse.jdt.internal.launching.support,1,1,1,0,1,0,org.eclipse.jdt.internal.launching.support,1,0,2,0,0,1,12,0.012
org.eclipse.jdt.internal.ui,0.049145299,0.666666667,0.87587822,0,0.018867925,5,org.eclipse.jdt.internal.ui,23,0.210526316,31,48,0.392405063,0.397068621,1542,1.542
org.eclipse.jdt.internal.ui.actions,0.043508772,1,0.967213115,0,0.071428571,4,org.eclipse.jdt.internal.ui.actions,16,0,34,14,0.708333333,0.291666667,1130,1.13
org.eclipse.jdt.internal.ui.browsing,0.04526749,0.25,0.992974239,0,0.333333333,1,org.eclipse.jdt.internal.ui.browsing,24,0.142857143,35,4,0.897435897,0.04029304,4139,4.139
org.eclipse.jdt.internal.ui.compare,0.032442748,0.25,0.995316159,0,0.5,1,org.eclipse.jdt.internal.ui.compare,25,0.086956522,46,2,0.958333333,0.045289855,2583,2.583
org.eclipse.jdt.internal.ui.dialogs,0.061102832,0.666666667,0.957845433,0.055555556,0.055555556,0,org.eclipse.jdt.internal.ui.dialogs,14,0.076923077,27,15,0.642857143,0.28021978,1176,1.176
org.eclipse.jdt.internal.ui.dnd,0.110294118,1,0.990632319,0,0.25,0,org.eclipse.jdt.internal.ui.dnd,9,0.285714286,14,4,0.777777778,0.063492063,467,0.467
org.eclipse.jdt.internal.ui.filters,0.079545455,0.75,0.988290398,0,0.2,1,org.eclipse.jdt.internal.ui.filters,17,0,20,5,0.8,0.2,701,0.701
org.eclipse.jdt.internal.ui.jarpackager,0.040885417,0.4,0.99765808,0,1,0,org.eclipse.jdt.internal.ui.jarpackager,18,0.125,39,1,0.975,0.1,3874,3.874
org.eclipse.jdt.internal.ui.javadocexport,0.040564904,0.75,0.99765808,0,1,2,org.eclipse.jdt.internal.ui.javadocexport,13,0.083333333,43,1,0.977272727,0.060606061,3184,3.184
org.eclipse.jdt.internal.ui.javaeditor,0.022448699,0.257142857,0.941451991,0,0.04,5,org.eclipse.jdt.internal.ui.javaeditor,39,0.147058824,56,24,0.7,0.152941176,7029,7.029
org.eclipse.jdt.internal.ui.javaeditor.selectionactions,0.096774194,1,0.99765808,0,1,0,org.eclipse.jdt.internal.ui.javaeditor.selectionactions,7,0.166666667,19,1,0.95,0.116666667,554,0.554
org.eclipse.jdt.internal.ui.packageview,0.030488583,0.2125,0.983606557,0,0.142857143,4,org.eclipse.jdt.internal.ui.packageview,20,0,41,7,0.854166667,0.145833333,3343,3.343
org.eclipse.jdt.internal.ui.preferences,0.029875,0.5,0.962529274,0,0.0625,10,org.eclipse.jdt.internal.ui.preferences,37,0.027777778,45,15,0.75,0.222222222,7773,7.773
org.eclipse.jdt.internal.ui.refactoring,0.023386571,0.204545455,0.981264637,0.025,0.125,10,org.eclipse.jdt.internal.ui.refactoring,75,0.171875,54,8,0.870967742,0.042842742,8558,8.558
org.eclipse.jdt.internal.ui.refactoring.actions,0.039130435,0.555555556,0.992974239,0,0.333333333,3,org.eclipse.jdt.internal.ui.refactoring.actions,14,0.076923077,37,3,0.925,0.001923077,1249,1.249
org.eclipse.jdt.internal.ui.refactoring.changes,0.2,1,0.990632319,0,0.25,1,org.eclipse.jdt.internal.ui.refactoring.changes,2,0,8,4,0.666666667,0.333333333,88,0.088
org.eclipse.jdt.internal.ui.refactoring.code,0.112426036,1,0.995316159,0,0.5,0,org.eclipse.jdt.internal.ui.refactoring.code,4,0,15,2,0.882352941,0.117647059,363,0.363
org.eclipse.jdt.internal.ui.refactoring.nls,0.044754219,0.666666667,0.99765808,0,1,0,org.eclipse.jdt.internal.ui.refactoring.nls,7,0,31,1,0.96875,0.03125,1202,1.202
org.eclipse.jdt.internal.ui.refactoring.nls.search,0.045972644,0.555555556,1,0,1,0,org.eclipse.jdt.internal.ui.refactoring.nls.search,8,0,34,0,0,1,1096,1.096
org.eclipse.jdt.internal.ui.refactoring.sef,0.127272727,1,0.99765808,0,1,0,org.eclipse.jdt.internal.ui.refactoring.sef,2,0,12,1,0.923076923,0.076923077,214,0.214
org.eclipse.jdt.internal.ui.reorg,0.038701923,0.555555556,0.995316159,0,0.5,2,org.eclipse.jdt.internal.ui.reorg,25,0.136363636,39,4,0.906976744,0.043340381,3059,3.059
org.eclipse.jdt.internal.ui.search,0.034624413,0.25,0.985948478,0.166666667,0.166666667,0,org.eclipse.jdt.internal.ui.search,27,0.08,41,6,0.872340426,0.047659574,2688,2.688
org.eclipse.jdt.internal.ui.text,0.045168067,0.555555556,0.988290398,0.2,0.2,3,org.eclipse.jdt.internal.ui.text,23,0.15,34,8,0.80952381,0.04047619,2602,2.602
org.eclipse.jdt.internal.ui.text.correction,0.025007186,0.75,0.992974239,0,0.333333333,6,org.eclipse.jdt.internal.ui.text.correction,36,0.058823529,49,3,0.942307692,0.001131222,5347,5.347
org.eclipse.jdt.internal.ui.text.java,0.033221351,0.555555556,0.983606557,0,0.142857143,2,org.eclipse.jdt.internal.ui.text.java,26,0.130434783,40,8,0.833333333,0.036231884,3336,3.336
org.eclipse.jdt.internal.ui.text.java.hover,0.074829932,1,0.992974239,0,0.333333333,0,org.eclipse.jdt.internal.ui.text.java.hover,10,0.111111111,22,3,0.88,0.008888889,658,0.658
org.eclipse.jdt.internal.ui.text.javadoc,0.060150376,0.666666667,0.990632319,0,0.25,1,org.eclipse.jdt.internal.ui.text.javadoc,6,0,23,3,0.884615385,0.115384615,1435,1.435
org.eclipse.jdt.internal.ui.text.link,0.087438424,1,0.992974239,0,0.333333333,0,org.eclipse.jdt.internal.ui.text.link,4,0.333333333,18,3,0.857142857,0.19047619,823,0.823
org.eclipse.jdt.internal.ui.text.template,0.086524823,1,0.983606557,0,0.142857143,0,org.eclipse.jdt.internal.ui.text.template,5,0,17,7,0.708333333,0.291666667,432,0.432
org.eclipse.jdt.internal.ui.typehierarchy,0.035673624,0.333333333,0.995316159,0.25,0.5,1,org.eclipse.jdt.internal.ui.typehierarchy,27,0.125,35,2,0.945945946,0.070945946,3022,3.022
org.eclipse.jdt.internal.ui.util,0.042539683,0.5,0.911007026,0,0.026315789,0,org.eclipse.jdt.internal.ui.util,17,0,36,34,0.514285714,0.485714286,1478,1.478
org.eclipse.jdt.internal.ui.viewsupport,0.053654024,0.34375,0.946135831,0,0.043478261,0,org.eclipse.jdt.internal.ui.viewsupport,23,0.095238095,25,24,0.510204082,0.394557823,2012,2.012
org.eclipse.jdt.internal.ui.wizards,0.036874237,0.36,0.992974239,0,0.333333333,0,org.eclipse.jdt.internal.ui.wizards,25,0.136363636,41,5,0.891304348,0.027667984,1758,1.758
org.eclipse.jdt.internal.ui.wizards.buildpaths,0.033564815,0.259259259,0.981264637,0,0.125,3,org.eclipse.jdt.internal.ui.wizards.buildpaths,31,0.033333333,39,5,0.886363636,0.08030303,5733,5.733
org.eclipse.jdt.internal.ui.wizards.dialogfields,0.12962963,1,0.983606557,0,0.142857143,0,org.eclipse.jdt.internal.ui.wizards.dialogfields,16,0.333333333,11,6,0.647058824,0.019607843,2306,2.306
org.eclipse.jdt.internal.ui.workingsets,0.055900621,0.333333333,0.995316159,0,0.5,0,org.eclipse.jdt.internal.ui.workingsets,9,0,27,2,0.931034483,0.068965517,815,0.815
org.eclipse.jdt.junit,1,1,1,0,1,0,org.eclipse.jdt.junit,1,0,1,1,0.5,0.5,14,0.014
org.eclipse.jdt.launching,0.221621622,1,0.962529274,0.03125,0.0625,6,org.eclipse.jdt.launching,23,1.555555556,12,14,0.461538462,1.017094017,2051,2.051
org.eclipse.jdt.launching.sourcelookup,0.147435897,1,0.985948478,0,0.166666667,1,org.eclipse.jdt.launching.sourcelookup,8,0.142857143,15,5,0.75,0.107142857,1114,1.114
org.eclipse.jdt.ui,0.038809144,0.666666667,0.878220141,0,0.019230769,2,org.eclipse.jdt.ui,18,0.8,36,45,0.444444444,0.244444444,1932,1.932
org.eclipse.jdt.ui.actions,0.02232271,1,0.976580796,0.05,0.1,20,org.eclipse.jdt.ui.actions,76,0.04109589,57,11,0.838235294,0.120668815,8875,8.875
org.eclipse.jdt.ui.jarpackager,0.173611111,1,1,0,1,0,org.eclipse.jdt.ui.jarpackager,6,2,12,0,0,1,465,0.465
org.eclipse.jdt.ui.refactoring,0.126470588,1,0.99765808,0,1,0,org.eclipse.jdt.ui.refactoring,1,0,12,1,0.923076923,0.076923077,167,0.167
org.eclipse.jdt.ui.text,0.070175439,1,0.971896956,0,0.083333333,0,org.eclipse.jdt.ui.text,5,1.5,22,14,0.611111111,1.111111111,446,0.446
org.eclipse.jdt.ui.text.java,1,1,1,0,1,0,org.eclipse.jdt.ui.text.java,3,0,3,1,0.75,0.25,14,0.014
org.eclipse.jdt.ui.text.java.hover,1,1,1,0,1,0,org.eclipse.jdt.ui.text.java.hover,1,0,2,1,0.666666667,0.333333333,6,0.006
org.eclipse.jdt.ui.wizards,0.081232493,1,0.990632319,0.083333333,0.25,3,org.eclipse.jdt.ui.wizards,10,1,34,5,0.871794872,0.871794872,2043,2.043
org.eclipse.jface.action,0.136507937,1,0.793911007,0.005681818,0.011363636,1,org.eclipse.jface.action,27,1.25,13,88,0.128712871,0.378712871,2845,2.845
org.eclipse.jface.dialogs,0.148648649,1,0.679156909,0.00486618,0.00729927,4,org.eclipse.jface.dialogs,16,1,16,108,0.129032258,0.129032258,1956,1.956
org.eclipse.jface.operation,0.428571429,1,0.976580796,0,0.1,0,org.eclipse.jface.operation,4,1,6,63,0.086956522,0.086956522,257,0.257
org.eclipse.jface.preference,0.128888889,1,0.880562061,0.011764706,0.015686275,4,org.eclipse.jface.preference,26,0.625,13,61,0.175675676,0.199324324,3440,3.44
org.eclipse.jface.resource,0.234782609,1,0.714285714,0.008196721,0.004098361,2,org.eclipse.jface.resource,11,0.222222222,10,96,0.094339623,0.683438155,1144,1.144
org.eclipse.jface.text,0.137152778,0.75,0.854800937,0.012096774,0.016129032,0,org.eclipse.jface.text,96,1.086956522,12,66,0.153846154,0.240802676,8561,8.561
org.eclipse.jface.text.contentassist,0.161094225,1,0.981264637,0,0.125,0,org.eclipse.jface.text.contentassist,20,1,9,11,0.45,0.45,1960,1.96
org.eclipse.jface.text.formatter,1,1,0.99765808,0,1,0,org.eclipse.jface.text.formatter,3,2,3,3,0.5,1.5,326,0.326
org.eclipse.jface.text.information,0.375,1,0.995316159,0,0.5,0,org.eclipse.jface.text.information,4,3,5,4,0.555555556,2.555555556,250,0.25
org.eclipse.jface.text.presentation,1,1,0.990632319,0,0.25,0,org.eclipse.jface.text.presentation,4,3,3,7,0.3,2.3,278,0.278
org.eclipse.jface.text.reconciler,0.5625,1,0.985948478,0,0.166666667,0,org.eclipse.jface.text.reconciler,8,1,4,6,0.4,0.4,466,0.466
org.eclipse.jface.text.rules,0.368421053,1,0.974238876,0,0.090909091,0,org.eclipse.jface.text.rules,24,0.5,5,9,0.357142857,0.142857143,1267,1.267
org.eclipse.jface.text.source,0.104895105,1,0.93911007,0.038461538,0.038461538,0,org.eclipse.jface.text.source,34,0.789473684,13,32,0.288888889,0.078362573,3768,3.768
org.eclipse.jface.util,0.416666667,1,0.742388759,0.009090909,0.009090909,1,org.eclipse.jface.util,7,0.75,8,94,0.078431373,0.171568627,425,0.425
org.eclipse.jface.viewers,0.145348837,1,0.697892272,0.006342495,0.005813953,6,org.eclipse.jface.viewers,62,1.583333333,12,107,0.100840336,0.684173669,5066,5.066
org.eclipse.jface.window,0.153439153,1,0.786885246,0.010989011,0.010989011,1,org.eclipse.jface.window,3,0.5,14,60,0.189189189,0.310810811,541,0.541
org.eclipse.jface.wizard,0.1184573,0.75,0.885245902,0.020408163,0.020408163,1,org.eclipse.jface.wizard,9,3.5,14,42,0.25,2.75,1141,1.141
org.eclipse.pde.ant,0.1875,0,1,0,1,0,org.eclipse.pde.ant,1,0,11,0,0,1,138,0.138
org.eclipse.pde.core,1,1,0.981264637,0,0.125,0,org.eclipse.pde.core,9,8,4,29,0.121212121,7.121212121,108,0.108
org.eclipse.pde.core.build,1,1,1,0,1,0,org.eclipse.pde.core.build,4,0,3,8,0.272727273,0.727272727,36,0.036
org.eclipse.pde.core.plugin,1,1,1,0,1,0,org.eclipse.pde.core.plugin,17,0,5,23,0.178571429,0.821428571,200,0.2
org.eclipse.pde.internal,0.393939394,1,0.988290398,0,0.2,0,org.eclipse.pde.internal,5,0.25,8,5,0.615384615,0.134615385,243,0.243
org.eclipse.pde.internal.build,0.163043478,1,0.990632319,0,0.25,0,org.eclipse.pde.internal.build,15,0.666666667,15,4,0.789473684,0.456140351,1958,1.958
org.eclipse.pde.internal.build.ant,1,1,0.995316159,0,0.5,0,org.eclipse.pde.internal.build.ant,6,0.2,3,2,0.6,0.2,448,0.448
org.eclipse.pde.internal.build.tasks,0.3,1,1,0,1,0,org.eclipse.pde.internal.build.tasks,3,0,8,0,0,1,239,0.239
org.eclipse.pde.internal.builders,0.087533156,1,0.985948478,0,0.166666667,2,org.eclipse.pde.internal.builders,14,0.166666667,18,6,0.75,0.083333333,2185,2.185
org.eclipse.pde.internal.core,0.075075075,0.375,0.93676815,0.018518519,0.037037037,1,org.eclipse.pde.internal.core,44,0.333333333,23,27,0.46,0.206666667,6204,6.204
org.eclipse.pde.internal.core.build,0.307692308,1,0.981264637,0,0.125,0,org.eclipse.pde.internal.core.build,7,0.166666667,8,8,0.5,0.333333333,467,0.467
org.eclipse.pde.internal.core.feature,0.194444444,1,0.985948478,0,0.166666667,0,org.eclipse.pde.internal.core.feature,16,0.142857143,12,6,0.666666667,0.19047619,2229,2.229
org.eclipse.pde.internal.core.ifeature,1,1,1,0,1,0,org.eclipse.pde.internal.core.ifeature,15,0,6,11,0.352941176,0.647058824,242,0.242
org.eclipse.pde.internal.core.ischema,1,1,1,0,1,0,org.eclipse.pde.internal.core.ischema,18,0,4,10,0.285714286,0.714285714,154,0.154
org.eclipse.pde.internal.core.isite,1,1,1,0,1,0,org.eclipse.pde.internal.core.isite,13,0,6,6,0.5,0.5,163,0.163
org.eclipse.pde.internal.core.plugin,0.141762452,0.3,0.969555035,0,0.021978022,1,org.eclipse.pde.internal.core.plugin,43,0.482758621,18,13,0.580645161,0.063403782,3544,3.544
org.eclipse.pde.internal.core.schema,0.183673469,1,0.981264637,0,0.125,0,org.eclipse.pde.internal.core.schema,21,0.235294118,12,8,0.6,0.164705882,2657,2.657
org.eclipse.pde.internal.core.search,0.21875,1,0.99765808,0,1,0,org.eclipse.pde.internal.core.search,4,0.333333333,7,1,0.875,0.208333333,230,0.23
org.eclipse.pde.internal.core.site,0.195402299,1,0.990632319,0,0.25,0,org.eclipse.pde.internal.core.site,17,0.307692308,12,4,0.75,0.057692308,1754,1.754
org.eclipse.pde.internal.core.util,0,1,0.995316159,0,0.5,0,org.eclipse.pde.internal.core.util,1,0,2,2,0.5,0.5,263,0.263
org.eclipse.pde.internal.runtime,0.166666667,0.75,0.995316159,0,0.5,0,org.eclipse.pde.internal.runtime,4,0.333333333,11,2,0.846153846,0.179487179,278,0.278
org.eclipse.pde.internal.runtime.logview,0.070546737,0.4375,1,0,1,3,org.eclipse.pde.internal.runtime.logview,9,0,22,0,0,1,941,0.941
org.eclipse.pde.internal.runtime.registry,0.102040816,0.4375,0.99765808,0,1,0,org.eclipse.pde.internal.runtime.registry,18,0.2,15,1,0.9375,0.1375,758,0.758
org.eclipse.pde.internal.ui,0.044754219,0.555555556,0.948477752,0,0.045454545,0,org.eclipse.pde.internal.ui,8,0.6,36,22,0.620689655,0.220689655,1084,1.084
org.eclipse.pde.internal.ui.ant,0.4,1,1,0,1,0,org.eclipse.pde.internal.ui.ant,2,0,6,0,0,1,96,0.096
org.eclipse.pde.internal.ui.codegen,0.19047619,1,0.990632319,0.25,0.25,0,org.eclipse.pde.internal.ui.codegen,3,0.5,10,4,0.714285714,0.214285714,554,0.554
org.eclipse.pde.internal.ui.editor,0.050212766,0.234375,0.985948478,0.141025641,0.145833333,0,org.eclipse.pde.internal.ui.editor,33,0.941176471,35,7,0.833333333,0.774509804,2721,2.721
org.eclipse.pde.internal.ui.editor.build,0.055002619,0.333333333,1,0,1,0,org.eclipse.pde.internal.ui.editor.build,10,0,26,0,0,1,896,0.896
org.eclipse.pde.internal.ui.editor.feature,0.027997291,0.147368421,0.99765808,0,1,0,org.eclipse.pde.internal.ui.editor.feature,48,0.043478261,49,1,0.98,0.023478261,6082,6.082
org.eclipse.pde.internal.ui.editor.manifest,0.021015158,0.146666667,0.985948478,0,0.166666667,0,org.eclipse.pde.internal.ui.editor.manifest,69,0.029850746,60,6,0.909090909,0.061058345,9857,9.857
org.eclipse.pde.internal.ui.editor.schema,0.034567901,0.176470588,0.99765808,0,1,0,org.eclipse.pde.internal.ui.editor.schema,37,0.088235294,38,1,0.974358974,0.062594268,3517,3.517
org.eclipse.pde.internal.ui.editor.site,0.036344538,0.3125,0.99765808,0,1,0,org.eclipse.pde.internal.ui.editor.site,32,0.103448276,40,1,0.975609756,0.079058032,3897,3.897
org.eclipse.pde.internal.ui.editor.text,0.097222222,1,0.985948478,0,0.166666667,0,org.eclipse.pde.internal.ui.editor.text,12,0.333333333,16,7,0.695652174,0.028985507,398,0.398
org.eclipse.pde.internal.ui.elements,0.6,1,0.976580796,0.05,0.05,0,org.eclipse.pde.internal.ui.elements,9,0.5,4,10,0.285714286,0.214285714,172,0.172
org.eclipse.pde.internal.ui.feature,0.037483617,0.75,1,0,1,0,org.eclipse.pde.internal.ui.feature,8,0,39,0,0,1,1039,1.039
org.eclipse.pde.internal.ui.launcher,0.039126016,0.555555556,0.995316159,0,0.5,0,org.eclipse.pde.internal.ui.launcher,12,0.2,35,2,0.945945946,0.145945946,2632,2.632
org.eclipse.pde.internal.ui.parts,0.103296703,0.75,0.967213115,0.017857143,0.071428571,0,org.eclipse.pde.internal.ui.parts,13,0.444444444,16,14,0.533333333,0.022222222,808,0.808
org.eclipse.pde.internal.ui.preferences,0.052681992,0.625,0.978922717,0,0.111111111,0,org.eclipse.pde.internal.ui.preferences,10,0,28,9,0.756756757,0.243243243,1644,1.644
org.eclipse.pde.internal.ui.search,0.037239089,0.259259259,0.990632319,0,0.25,0,org.eclipse.pde.internal.ui.search,25,0,36,4,0.9,0.1,2057,2.057
org.eclipse.pde.internal.ui.util,0.134615385,0.666666667,0.957845433,0,0.027777778,0,org.eclipse.pde.internal.ui.util,11,0.222222222,15,18,0.454545455,0.323232323,420,0.42
org.eclipse.pde.internal.ui.view,0.033805668,0.36,0.99765808,0,1,0,org.eclipse.pde.internal.ui.view,14,0,42,1,0.976744186,0.023255814,1809,1.809
org.eclipse.pde.internal.ui.wizards,0.069548872,0.357142857,0.976580796,0.06,0.06,0,org.eclipse.pde.internal.ui.wizards,14,0.555555556,23,11,0.676470588,0.232026144,960,0.96
org.eclipse.pde.internal.ui.wizards.exports,0.09122807,1,0.995316159,0,0.5,0,org.eclipse.pde.internal.ui.wizards.exports,7,0.4,30,2,0.9375,0.3375,951,0.951
org.eclipse.pde.internal.ui.wizards.extension,0.053333333,0.625,1,0,1,0,org.eclipse.pde.internal.ui.wizards.extension,11,0.1,32,0,0,0.9,1253,1.253
org.eclipse.pde.internal.ui.wizards.imports,0.034234234,0.555555556,0.99765808,0,1,0,org.eclipse.pde.internal.ui.wizards.imports,15,0,41,1,0.976190476,0.023809524,3317,3.317
org.eclipse.pde.internal.ui.wizards.project,0.041387705,0.333333333,0.992974239,0,0.333333333,0,org.eclipse.pde.internal.ui.wizards.project,10,0,34,3,0.918918919,0.081081081,1388,1.388
org.eclipse.pde.internal.ui.wizards.templates,0.057239057,0.5,0.995316159,0,0.5,0,org.eclipse.pde.internal.ui.wizards.templates,27,0.038461538,26,2,0.928571429,0.032967033,2842,2.842
org.eclipse.pde.ui,0.407407407,1,0.99765808,0,1,0,org.eclipse.pde.ui,6,5,7,6,0.538461538,4.538461538,66,0.066
org.eclipse.pde.ui.templates,0.183333333,1,0.995316159,0,0.5,0,org.eclipse.pde.ui.templates,14,2.5,30,2,0.9375,2.4375,1263,1.263
org.eclipse.search.internal.core,0.5,1,0.992974239,0,0.333333333,0,org.eclipse.search.internal.core,2,1,5,3,0.625,0.625,60,0.06
org.eclipse.search.internal.core.text,0.116883117,1,0.995316159,0,0.5,1,org.eclipse.search.internal.core.text,6,0.2,14,2,0.875,0.075,467,0.467
org.eclipse.search.internal.ui,0.043093408,0.25,0.990632319,0,0.25,0,org.eclipse.search.internal.ui,36,0.028571429,32,4,0.888888889,0.082539683,3895,3.895
org.eclipse.search.internal.ui.text,0.044172932,0.375,1,0,1,0,org.eclipse.search.internal.ui.text,10,0,33,0,0,1,1406,1.406
org.eclipse.search.internal.ui.util,0.063768116,0.36,0.992974239,0.333333333,0.333333333,0,org.eclipse.search.internal.ui.util,12,0.090909091,28,3,0.903225806,0.005865103,1387,1.387
org.eclipse.search.ui,0.444444444,1,0.969555035,0,0.076923077,0,org.eclipse.search.ui,10,9,11,11,0.5,8.5,152,0.152
org.eclipse.swt,1,1,0.618266979,0,0.006134969,0,org.eclipse.swt,3,0,3,135,0.02173913,0.97826087,487,0.487
org.eclipse.swt.accessibility,0.247058824,1,0.983606557,0,0,0,org.eclipse.swt.accessibility,9,0.8,7,7,0.5,0.3,1021,1.021
org.eclipse.swt.custom,0.137867647,0.571428571,0.768149883,0,0.01010101,14,org.eclipse.swt.custom,47,0.236842105,10,79,0.112359551,0.650798344,13146,13.146
org.eclipse.swt.dnd,0.12195122,0.625,0.911007026,0.002024291,0.026315789,2,org.eclipse.swt.dnd,79,0.234375,12,34,0.260869565,0.504755435,6379,6.379
org.eclipse.swt.events,0.625,1,0.868852459,0.011160714,0.008928571,0,org.eclipse.swt.events,42,1.470588235,4,72,0.052631579,0.523219814,355,0.355
org.eclipse.swt.graphics,0.126177024,1,0.646370023,0.001103753,0.006622517,13,org.eclipse.swt.graphics,77,0.115942029,12,121,0.090225564,0.793832407,19614,19.614
org.eclipse.swt.internal,0.3,1,0.955503513,0,0.052631579,1,org.eclipse.swt.internal,21,0.4,8,18,0.307692308,0.292307692,1232,1.232
org.eclipse.swt.internal.awt.win32,0.583333333,1,1,0,1,0,org.eclipse.swt.internal.awt.win32,1,0,6,0,0,1,115,0.115
org.eclipse.swt.internal.carbon,1,1,0.992974239,0,0.333333333,3,org.eclipse.swt.internal.carbon,33,0,2,3,0.4,0.6,1509,1.509
org.eclipse.swt.internal.gtk,1,1,0.990632319,0,0.25,6,org.eclipse.swt.internal.gtk,66,0,2,5,0.285714286,0.714285714,2516,2.516
org.eclipse.swt.internal.image,0.4,1,0.99765808,0,0.5,0,org.eclipse.swt.internal.image,35,0.09375,5,1,0.833333333,0.072916667,5901,5.901
org.eclipse.swt.internal.motif,1,1,0.985948478,0,0,2,org.eclipse.swt.internal.motif,34,0.096774194,3,6,0.333333333,0.569892473,1361,1.361
org.eclipse.swt.internal.ole.win32,0.6,1,0.995316159,0,0.5,0,org.eclipse.swt.internal.ole.win32,52,0,4,2,0.666666667,0.333333333,2321,2.321
org.eclipse.swt.internal.photon,1,1,0.992974239,0,0.333333333,1,org.eclipse.swt.internal.photon,28,0,2,4,0.333333333,0.666666667,1170,1.17
org.eclipse.swt.internal.win32,1,1,0.978922717,0,0.111111111,3,org.eclipse.swt.internal.win32,70,0,3,8,0.272727273,0.727272727,3156,3.156
org.eclipse.swt.layout,0.428571429,1,0.737704918,0,0.008928571,2,org.eclipse.swt.layout,8,0,5,89,0.053191489,0.946808511,774,0.774
org.eclipse.swt.ole.win32,0.232,0.75,0.990632319,0,0.25,1,org.eclipse.swt.ole.win32,15,0.071428571,8,4,0.666666667,0.261904762,3432,3.432
org.eclipse.swt.printing,0.215686275,0.666666667,0.995316159,0,0.5,0,org.eclipse.swt.printing,13,0,7,2,0.777777778,0.222222222,1112,1.112
org.eclipse.swt.program,0.164772727,1,0.974238876,0,0.090909091,0,org.eclipse.swt.program,6,0,11,11,0.5,0.5,1569,1.569
org.eclipse.swt.widgets,0.104347826,1,0.550351288,0.000833333,0.004464286,71,org.eclipse.swt.widgets,247,0.117647059,14,154,0.083333333,0.799019608,86888,86.888
org.eclipse.team.core,0.361111111,1,0.929742389,0,0.022222222,2,org.eclipse.team.core,9,2,8,27,0.228571429,1.228571429,866,0.866
org.eclipse.team.core.sync,1,1,0.995316159,0.5,0.5,0,org.eclipse.team.core.sync,5,0,7,13,0.35,0.65,415,0.415
org.eclipse.team.internal.ccvs.core,0.090497738,0.6,0.969555035,0,0.076923077,4,org.eclipse.team.internal.ccvs.core,27,2,17,14,0.548387097,1.548387097,2075,2.075
org.eclipse.team.internal.ccvs.core.client,0.114516129,1,0.976580796,0,0.1,3,org.eclipse.team.internal.ccvs.core.client,48,0.142857143,14,10,0.583333333,0.273809524,3076,3.076
org.eclipse.team.internal.ccvs.core.client.listeners,0.201388889,0.75,0.992974239,0,0.333333333,0,org.eclipse.team.internal.ccvs.core.client.listeners,14,0.4,9,3,0.75,0.15,675,0.675
org.eclipse.team.internal.ccvs.core.connection,0.131313131,0.75,0.983606557,0,0.142857143,3,org.eclipse.team.internal.ccvs.core.connection,10,0,12,7,0.631578947,0.368421053,1176,1.176
org.eclipse.team.internal.ccvs.core.resources,0.126705653,0.666666667,0.969555035,0,0.076923077,3,org.eclipse.team.internal.ccvs.core.resources,18,0.2,12,13,0.48,0.32,5103,5.103
org.eclipse.team.internal.ccvs.core.syncinfo,0.257142857,1,0.974238876,0,0.090909091,0,org.eclipse.team.internal.ccvs.core.syncinfo,7,0,9,11,0.45,0.55,892,0.892
org.eclipse.team.internal.ccvs.core.util,0.143229167,1,0.981264637,0,0.125,2,org.eclipse.team.internal.ccvs.core.util,15,0,13,8,0.619047619,0.380952381,2315,2.315
org.eclipse.team.internal.ccvs.ssh,0.206349206,1,1,0,1,1,org.eclipse.team.internal.ccvs.ssh,12,0.090909091,13,0,0,0.909090909,2544,2.544
org.eclipse.team.internal.ccvs.ui,0.025207212,0.128205128,0.985948478,0.041666667,0.166666667,7,org.eclipse.team.internal.ccvs.ui,66,0.118644068,50,6,0.892857143,0.011501211,9433,9.433
org.eclipse.team.internal.ccvs.ui.actions,0.049230769,1,0.995316159,0.25,0.5,5,org.eclipse.team.internal.ccvs.ui.actions,40,0.052631579,27,2,0.931034483,0.016333938,3459,3.459
org.eclipse.team.internal.ccvs.ui.merge,0.057544757,0.5,0.992974239,0,0.333333333,0,org.eclipse.team.internal.ccvs.ui.merge,10,0,25,3,0.892857143,0.107142857,749,0.749
org.eclipse.team.internal.ccvs.ui.model,0.103296703,1,0.992974239,0,0.222222222,0,org.eclipse.team.internal.ccvs.ui.model,23,0.15,17,3,0.85,0,1123,1.123
org.eclipse.team.internal.ccvs.ui.repo,0.040255932,0.234375,0.985948478,0,0.166666667,1,org.eclipse.team.internal.ccvs.ui.repo,19,0.055555556,35,6,0.853658537,0.090785908,3161,3.161
org.eclipse.team.internal.ccvs.ui.sync,0.056950398,0.75,0.990632319,0,0.25,0,org.eclipse.team.internal.ccvs.ui.sync,12,0.090909091,27,4,0.870967742,0.038123167,2142,2.142
org.eclipse.team.internal.ccvs.ui.wizards,0.03665496,1,0.990632319,0.25,0.25,3,org.eclipse.team.internal.ccvs.ui.wizards,22,0.047619048,37,4,0.902439024,0.049941928,3585,3.585
org.eclipse.team.internal.core,0.22962963,0.666666667,0.967213115,0,0.071428571,1,org.eclipse.team.internal.core,11,0,8,14,0.363636364,0.636363636,710,0.71
org.eclipse.team.internal.core.simpleAccess,1,1,1,0,1,0,org.eclipse.team.internal.core.simpleAccess,1,0,3,1,0.75,0.25,16,0.016
org.eclipse.team.internal.core.streams,0.583333333,1,0.985948478,0,0.166666667,2,org.eclipse.team.internal.core.streams,8,0.142857143,4,6,0.4,0.457142857,860,0.86
org.eclipse.team.internal.core.target,0.238095238,1,0.983606557,0.085714286,0.095238095,0,org.eclipse.team.internal.core.target,15,2,9,7,0.5625,1.5625,1228,1.228
org.eclipse.team.internal.ftp,0.541666667,0.75,0.992974239,0,0.333333333,0,org.eclipse.team.internal.ftp,3,0,6,3,0.666666667,0.333333333,154,0.154
org.eclipse.team.internal.ftp.client,0.215686275,1,0.99765808,0,1,0,org.eclipse.team.internal.ftp.client,15,0.25,10,1,0.909090909,0.159090909,1420,1.42
org.eclipse.team.internal.ftp.target,0.150735294,0.6,0.99765808,0,1,0,org.eclipse.team.internal.ftp.target,6,0,12,1,0.923076923,0.076923077,853,0.853
org.eclipse.team.internal.ftp.ui,0.080409357,0.75,1,0,1,0,org.eclipse.team.internal.ftp.ui,2,0,22,0,0,1,347,0.347
org.eclipse.team.internal.ui,0.051546392,0.333333333,0.981264637,0.125,0.125,2,org.eclipse.team.internal.ui,22,0.294117647,32,9,0.780487805,0.074605452,2295,2.295
org.eclipse.team.internal.ui.actions,0.4,1,0.992974239,0.333333333,0.333333333,0,org.eclipse.team.internal.ui.actions,3,0.5,17,3,0.85,0.35,317,0.317
org.eclipse.team.internal.ui.sync,0.054112554,0.666666667,0.988290398,0.133333333,0.2,0,org.eclipse.team.internal.ui.sync,10,0.666666667,32,5,0.864864865,0.531531532,1939,1.939
org.eclipse.team.internal.ui.target,0.041192412,0.2125,0.995316159,0.166666667,0.5,0,org.eclipse.team.internal.ui.target,33,0.1,38,2,0.95,0.05,3594,3.594
org.eclipse.team.internal.webdav.core,0.09077381,0.466666667,0.99765808,0,1,0,org.eclipse.team.internal.webdav.core,8,0,21,1,0.954545455,0.045454545,810,0.81
org.eclipse.team.internal.webdav.ui,0.092741935,0.75,1,0,1,0,org.eclipse.team.internal.webdav.ui,2,0,20,0,0,1,311,0.311
org.eclipse.team.ui,0.357142857,1,0.985948478,0,0.166666667,0,org.eclipse.team.ui,4,1,10,7,0.588235294,0.588235294,100,0.1
org.eclipse.tomcat.internal,0.380952381,1,1,0,1,3,org.eclipse.tomcat.internal,7,0,9,0,0,1,681,0.681
org.eclipse.ui,0.185714286,0.75,0.765807963,0.01,0.01,3,org.eclipse.ui,91,14.16666667,21,121,0.147887324,13.31455399,1454,1.454
org.eclipse.ui.actions,0.039087302,1,0.887587822,0.018229167,0.015625,0,org.eclipse.ui.actions,49,0.195121951,35,45,0.4375,0.367378049,5283,5.283
org.eclipse.ui.dialogs,0.049719888,0.36,0.857142857,0.012750455,0.009107468,3,org.eclipse.ui.dialogs,44,0.517241379,29,59,0.329545455,0.153213166,6263,6.263
org.eclipse.ui.editors.text,0.056603774,0.466666667,0.985948478,0,0.166666667,0,org.eclipse.ui.editors.text,15,0.666666667,26,7,0.787878788,0.454545455,1627,1.627
org.eclipse.ui.externaltools.internal.ant,1,1,0.99765808,0,1,1,org.eclipse.ui.externaltools.internal.ant,1,0,2,1,0.666666667,0.333333333,16,0.016
org.eclipse.ui.externaltools.internal.ant.console,0.5,1,1,0,1,1,org.eclipse.ui.externaltools.internal.ant.console,1,0,3,0,0,1,21,0.021
org.eclipse.ui.externaltools.internal.ant.dtd,1,1,0.995316159,0,0.5,1,org.eclipse.ui.externaltools.internal.ant.dtd,9,2,6,2,0.75,1.75,169,0.169
org.eclipse.ui.externaltools.internal.ant.dtd.schema,0.538461538,1,0.99765808,0,1,1,org.eclipse.ui.externaltools.internal.ant.dtd.schema,11,0,7,1,0.875,0.125,1101,1.101
org.eclipse.ui.externaltools.internal.ant.dtd.util,0,1,0.99765808,0,1,1,org.eclipse.ui.externaltools.internal.ant.dtd.util,10,0.666666667,4,1,0.8,0.466666667,540,0.54
org.eclipse.ui.externaltools.internal.ant.editor,0.04647785,0.666666667,0.992974239,0,0.333333333,1,org.eclipse.ui.externaltools.internal.ant.editor,9,0,37,3,0.925,0.075,1597,1.597
org.eclipse.ui.externaltools.internal.ant.editor.derived,0.25,1,0.99765808,0,1,1,org.eclipse.ui.externaltools.internal.ant.editor.derived,6,0.5,10,1,0.909090909,0.409090909,615,0.615
org.eclipse.ui.externaltools.internal.ant.editor.outline,0.087407407,1,0.995316159,0,0.5,1,org.eclipse.ui.externaltools.internal.ant.editor.outline,12,0.5,22,2,0.916666667,0.416666667,1286,1.286
org.eclipse.ui.externaltools.internal.ant.editor.text,0.066771406,0.270833333,0.99765808,0,1,1,org.eclipse.ui.externaltools.internal.ant.editor.text,20,0.176470588,22,3,0.88,0.056470588,1100,1.1
org.eclipse.ui.externaltools.internal.ant.editor.tools,1,1,1,0,1,1,org.eclipse.ui.externaltools.internal.ant.editor.tools,2,0,9,0,0,1,200,0.2
org.eclipse.ui.externaltools.internal.ant.editor.utils,0,0.75,0.99765808,0,1,1,org.eclipse.ui.externaltools.internal.ant.editor.utils,3,0,8,1,0.888888889,0.111111111,511,0.511
org.eclipse.ui.externaltools.internal.ant.editor.xml,0.4,1,0.995316159,0,0.5,1,org.eclipse.ui.externaltools.internal.ant.editor.xml,4,0.333333333,8,2,0.8,0.133333333,285,0.285
org.eclipse.ui.externaltools.internal.ant.inputhandler,1,1,1,0,1,1,org.eclipse.ui.externaltools.internal.ant.inputhandler,1,0,3,0,0,1,41,0.041
org.eclipse.ui.externaltools.internal.ant.launchConfigurations,0.041595442,0.285714286,0.992974239,0,0.333333333,1,org.eclipse.ui.externaltools.internal.ant.launchConfigurations,20,0,36,3,0.923076923,0.076923077,1877,1.877
org.eclipse.ui.externaltools.internal.ant.logger,0.142857143,1,1,0,1,1,org.eclipse.ui.externaltools.internal.ant.logger,2,0,13,0,0,1,335,0.335
org.eclipse.ui.externaltools.internal.ant.model,0.2,1,0.985948478,0,0.166666667,1,org.eclipse.ui.externaltools.internal.ant.model,1,0,10,6,0.625,0.375,164,0.164
org.eclipse.ui.externaltools.internal.ant.preferences,0.051546392,0.314285714,0.992974239,0,0.333333333,1,org.eclipse.ui.externaltools.internal.ant.preferences,22,0.1,30,3,0.909090909,0.009090909,3041,3.041
org.eclipse.ui.externaltools.internal.ant.view,0.06885759,1,0.995316159,0,0.5,2,org.eclipse.ui.externaltools.internal.ant.view,5,0,20,2,0.909090909,0.090909091,615,0.615
org.eclipse.ui.externaltools.internal.ant.view.actions,0.052396878,0.5,0.995316159,0,0.5,2,org.eclipse.ui.externaltools.internal.ant.view.actions,10,0,31,2,0.939393939,0.060606061,893,0.893
org.eclipse.ui.externaltools.internal.ant.view.elements,0.5,1,0.995316159,0,0.5,3,org.eclipse.ui.externaltools.internal.ant.view.elements,5,0.25,5,2,0.714285714,0.035714286,276,0.276
org.eclipse.ui.externaltools.internal.dialog,0.179487179,1,0.99765808,0,1,1,org.eclipse.ui.externaltools.internal.dialog,1,0,10,1,0.909090909,0.090909091,154,0.154
org.eclipse.ui.externaltools.internal.group,1,1,1,0,1,0,org.eclipse.ui.externaltools.internal.group,1,0,2,3,0.4,0.6,6,0.006
org.eclipse.ui.externaltools.internal.launchConfigurations,0.088372093,0.75,0.990632319,0,0.25,11,org.eclipse.ui.externaltools.internal.launchConfigurations,6,0.2,23,4,0.851851852,0.051851852,911,0.911
org.eclipse.ui.externaltools.internal.menu,1,1,1,0,1,0,org.eclipse.ui.externaltools.internal.menu,1,0,2,0,0,1,8,0.008
org.eclipse.ui.externaltools.internal.model,0.073717949,0.555555556,0.964871194,0,0.066666667,8,org.eclipse.ui.externaltools.internal.model,13,0.3,23,17,0.575,0.125,1240,1.24
org.eclipse.ui.externaltools.internal.program.launchConfigurations,0.0995671,0.75,0.99765808,0,1,4,org.eclipse.ui.externaltools.internal.program.launchConfigurations,6,0,18,1,0.947368421,0.052631579,239,0.239
org.eclipse.ui.externaltools.internal.registry,0.2875,1,0.990632319,0,0.25,2,org.eclipse.ui.externaltools.internal.registry,4,0,6,4,0.6,0.4,350,0.35
org.eclipse.ui.externaltools.internal.ui,0.051861702,0.4375,0.990632319,0.25,0.25,7,org.eclipse.ui.externaltools.internal.ui,11,0.222222222,28,7,0.8,0.022222222,1606,1.606
org.eclipse.ui.externaltools.internal.variable,0.1225,1,0.988290398,0.2,0.2,2,org.eclipse.ui.externaltools.internal.variable,19,0.1875,13,6,0.684210526,0.128289474,643,0.643
org.eclipse.ui.help,0.163398693,1,0.7470726,0,0.009259259,0,org.eclipse.ui.help,4,0.333333333,11,85,0.114583333,0.552083333,308,0.308
org.eclipse.ui.internal,0.025333333,0.108571429,0.93676815,0.007936508,0.028806584,17,org.eclipse.ui.internal,201,0.161849711,51,27,0.653846154,0.184304135,24522,24.522
org.eclipse.ui.internal.actions,0.084302326,0.75,0.995316159,0,0.5,0,org.eclipse.ui.internal.actions,5,0,19,2,0.904761905,0.095238095,257,0.257
org.eclipse.ui.internal.commands,0.095022624,1,0.99765808,0,1,1,org.eclipse.ui.internal.commands,30,0.111111111,18,1,0.947368421,0.058479532,4703,4.703
org.eclipse.ui.internal.decorators,0.102564103,0.555555556,0.995316159,0,0.5,2,org.eclipse.ui.internal.decorators,14,0.076923077,18,2,0.9,0.023076923,1468,1.468
org.eclipse.ui.internal.dialogs,0.033741672,0.117283951,0.971896956,0.010416667,0.05952381,4,org.eclipse.ui.internal.dialogs,114,0.096153846,46,12,0.793103448,0.110742706,15286,15.286
org.eclipse.ui.internal.editors.text,0.085714286,0.555555556,1,0,1,0,org.eclipse.ui.internal.editors.text,9,0.125,18,0,0,0.875,1041,1.041
org.eclipse.ui.internal.editorsupport,0.555555556,1,0.99765808,0,1,0,org.eclipse.ui.internal.editorsupport,1,0,5,1,0.833333333,0.166666667,63,0.063
org.eclipse.ui.internal.editorsupport.win32,0.093023256,1,1,0,1,0,org.eclipse.ui.internal.editorsupport.win32,1,0,18,0,0,1,414,0.414
org.eclipse.ui.internal.fonts,0.625,1,0.995316159,0,0.5,0,org.eclipse.ui.internal.fonts,2,0,5,2,0.714285714,0.285714286,79,0.079
org.eclipse.ui.internal.misc,0.066287879,0.666666667,0.981264637,0,0.125,0,org.eclipse.ui.internal.misc,27,0.08,22,8,0.733333333,0.186666667,2512,2.512
org.eclipse.ui.internal.model,0.125714286,1,0.976580796,0.05,0.1,0,org.eclipse.ui.internal.model,15,0.153846154,12,10,0.545454545,0.300699301,637,0.637
org.eclipse.ui.internal.registry,0.084693878,1,0.983606557,0.142857143,0.142857143,1,org.eclipse.ui.internal.registry,40,0.176470588,19,7,0.730769231,0.092760181,2999,2.999
org.eclipse.ui.internal.texteditor,0.134615385,0.75,0.99765808,0,1,0,org.eclipse.ui.internal.texteditor,4,0,14,1,0.933333333,0.066666667,217,0.217
org.eclipse.ui.model,0.151515152,1,0.93911007,0,0.038461538,0,org.eclipse.ui.model,4,0.333333333,12,34,0.260869565,0.405797101,223,0.223
org.eclipse.ui.part,0.080272109,0.4375,0.847775176,0.01025641,0.010989011,4,org.eclipse.ui.part,40,0.818181818,19,61,0.2375,0.055681818,2362,2.362
org.eclipse.ui.plugin,1,1,0.733021077,0.00877193,0.00877193,0,org.eclipse.ui.plugin,1,0,10,89,0.101010101,0.898989899,288,0.288
org.eclipse.ui.texteditor,0.045962733,0.265306122,0.93442623,0.029761905,0.028571429,0,org.eclipse.ui.texteditor,75,0.470588235,31,43,0.418918919,0.110492846,8620,8.62
org.eclipse.ui.views.bookmarkexplorer,0.06,0.5,1,0,1,0,org.eclipse.ui.views.bookmarkexplorer,15,0.153846154,24,0,0,0.846153846,1525,1.525
org.eclipse.ui.views.contentoutline,0.247058824,1,0.981264637,0.125,0.125,0,org.eclipse.ui.views.contentoutline,3,2,10,10,0.5,1.5,177,0.177
org.eclipse.ui.views.framelist,0.178571429,1,0.995316159,0,0.5,0,org.eclipse.ui.views.framelist,12,0.333333333,14,2,0.875,0.208333333,562,0.562
org.eclipse.ui.views.navigator,0.053608865,0.236111111,0.985948478,0,0.083333333,2,org.eclipse.ui.views.navigator,32,0.142857143,26,6,0.8125,0.044642857,3022,3.022
org.eclipse.ui.views.properties,0.062929062,0.666666667,0.974238876,0,0.090909091,0,org.eclipse.ui.views.properties,28,0.555555556,24,12,0.666666667,0.222222222,2055,2.055
org.eclipse.ui.views.tasklist,0.05002978,0.5,0.990632319,0,0.25,0,org.eclipse.ui.views.tasklist,26,0.181818182,28,4,0.875,0.056818182,4027,4.027
org.eclipse.ui.wizards.datatransfer,0.059093517,0.416666667,0.992974239,0,0.333333333,0,org.eclipse.ui.wizards.datatransfer,29,0.074074074,29,3,0.90625,0.019675926,4046,4.046
org.eclipse.ui.wizards.newresource,0.085333333,1,0.985948478,0,0.166666667,0,org.eclipse.ui.wizards.newresource,5,0.25,22,6,0.785714286,0.035714286,468,0.468
org.eclipse.update.configuration,0.666666667,1,0.990632319,0,0.25,0,org.eclipse.update.configuration,13,12,7,13,0.35,11.35,260,0.26
org.eclipse.update.core,0.221621622,1,0.955503513,0.010526316,0.052631579,0,org.eclipse.update.core,51,1.428571429,12,20,0.375,0.803571429,2797,2.797
org.eclipse.update.core.model,0.2875,0.75,0.976580796,0.05,0.1,0,org.eclipse.update.core.model,19,0.117647059,11,10,0.523809524,0.358543417,2791,2.791
org.eclipse.update.internal.core,0.1197411,0.303571429,0.978922717,0,0.055555556,1,org.eclipse.update.internal.core,51,0.133333333,16,9,0.64,0.226666667,7873,7.873
org.eclipse.update.internal.model,0.191919192,1,0.992974239,0,0.333333333,0,org.eclipse.update.internal.model,9,0,12,3,0.8,0.2,1034,1.034
org.eclipse.update.internal.security,0.393939394,1,0.995316159,0,0.5,0,org.eclipse.update.internal.security,5,0,12,2,0.857142857,0.142857143,635,0.635
org.eclipse.update.internal.ui,0.048745174,0.75,0.974238876,0,0.090909091,1,org.eclipse.update.internal.ui,9,0.125,34,11,0.755555556,0.119444444,820,0.82
org.eclipse.update.internal.ui.forms,0.041388889,1,0.988290398,0,0.2,0,org.eclipse.update.internal.ui.forms,26,0.083333333,36,6,0.857142857,0.05952381,3706,3.706
org.eclipse.update.internal.ui.model,0.089635854,1,0.983606557,0,0.142857143,1,org.eclipse.update.internal.ui.model,27,0.35,21,7,0.75,0.1,1887,1.887
org.eclipse.update.internal.ui.pages,0.377777778,1,0.995316159,0,0.5,0,org.eclipse.update.internal.ui.pages,15,0.153846154,6,2,0.75,0.096153846,243,0.243
org.eclipse.update.internal.ui.parts,0.104895105,0.555555556,0.985948478,0.055555556,0.166666667,0,org.eclipse.update.internal.ui.parts,11,0.375,19,6,0.76,0.135,818,0.818
org.eclipse.update.internal.ui.preferences,0.101382488,1,0.985948478,0,0.166666667,0,org.eclipse.update.internal.ui.preferences,3,0,16,6,0.727272727,0.272727273,405,0.405
org.eclipse.update.internal.ui.properties,0.12,1,0.99765808,0,1,0,org.eclipse.update.internal.ui.properties,5,0,15,1,0.9375,0.0625,387,0.387
org.eclipse.update.internal.ui.search,0.053212851,0.666666667,0.985948478,0,0.166666667,0,org.eclipse.update.internal.ui.search,18,0.285714286,28,6,0.823529412,0.109243697,2059,2.059
org.eclipse.update.internal.ui.security,0.098739496,1,0.995316159,0,0.5,0,org.eclipse.update.internal.ui.security,6,0.2,17,2,0.894736842,0.094736842,692,0.692
org.eclipse.update.internal.ui.servlets,0.2125,0,1,0,1,0,org.eclipse.update.internal.ui.servlets,2,0,12,0,0,1,307,0.307
org.eclipse.update.internal.ui.views,0.032524049,0.375,0.992974239,0,0.222222222,0,org.eclipse.update.internal.ui.views,17,0.416666667,44,4,0.916666667,0.333333333,3997,3.997
org.eclipse.update.internal.ui.win32.views,0.113636364,0.75,1,0,1,0,org.eclipse.update.internal.ui.win32.views,4,0,13,0,0,1,683,0.683
org.eclipse.update.internal.ui.wizards,0.048727273,0.625,0.995316159,0,0.5,0,org.eclipse.update.internal.ui.wizards,26,0.130434783,31,2,0.939393939,0.069828722,5345,5.345
org.eclipse.update.ui.forms.internal,0.08,0.666666667,0.974238876,0.036363636,0.090909091,1,org.eclipse.update.ui.forms.internal,31,0.631578947,23,12,0.657142857,0.288721805,3795,3.795
org.eclipse.update.ui.forms.internal.engine,0.111979167,1,0.988290398,0,0,0,org.eclipse.update.ui.forms.internal.engine,20,0.818181818,18,5,0.782608696,0.600790514,1637,1.637
org.eclipse.webdav,1,1,0.995316159,0,0.5,0,org.eclipse.webdav,8,7,5,7,0.416666667,6.416666667,322,0.322
org.eclipse.webdav.client,0.2,1,0.992974239,0,0.333333333,0,org.eclipse.webdav.client,14,0.166666667,12,3,0.8,0.033333333,1423,1.423
org.eclipse.webdav.dom,1,1,0.995316159,0.25,0.5,0,org.eclipse.webdav.dom,31,0.107142857,5,3,0.625,0.267857143,2367,2.367
org.eclipse.webdav.http.client,0.253333333,1,0.992974239,0,0.333333333,0,org.eclipse.webdav.http.client,12,0.714285714,10,3,0.769230769,0.483516484,1603,1.603
org.eclipse.webdav.internal.authentication,0.357142857,1,0.99765808,0,1,0,org.eclipse.webdav.internal.authentication,10,0,10,1,0.909090909,0.090909091,1029,1.029
org.eclipse.webdav.internal.kernel,0.4,1,0.990632319,0,0.25,0,org.eclipse.webdav.internal.kernel,34,0.259259259,10,4,0.714285714,0.026455026,1881,1.881
org.eclipse.webdav.internal.kernel.utils,1,1,0.988290398,0.1,0.2,0,org.eclipse.webdav.internal.kernel.utils,11,0.222222222,5,5,0.5,0.277777778,412,0.412
org.eclipse.webdav.internal.utils,0.75,1,0.995316159,0,0.5,0,org.eclipse.webdav.internal.utils,2,0,6,2,0.75,0.25,242,0.242
